title,url,snippet,source_query,content,reviews,num_reviews,ratings,pros_cons,summary,brands_mentioned
A - Wikipedia,https://en.wikipedia.org/wiki/A,"A, or a, is the first letter and the first vowel letter of the Latin alphabet, [1] [2] used in the modern English alphabet, and others worldwide.",A,"A, ora, is the firstletterand the firstvowel letterof theLatin alphabet,[1][2]used in the modernEnglish alphabet, and others worldwide. Its name in English isa(pronounced/Ààe…™/‚ìòAY), pluralaes.[nb 1][2] It is similar in shape to theAncient Greekletteralpha, from which it derives.[3]Theuppercaseversion consists of the two slanting sides of a triangle, crossed in the middle by a horizontal bar. The lowercase version is often written in one of two forms: the double-storey|a|and single-storey|…ë|. The latter is commonly used in handwriting and fonts based on it, especially fonts intended to be read by children, and is also found initalic type. In English, the name of the letter is thelong Asound, pronounced/Ààe…™/. Its name in most other languages matches the letter's pronunciation inopen syllables. The earliest known ancestor of A isaleph‚Äîthe first letter of thePhoenician alphabet[4]‚Äîwhere it represented aglottal stop[ î], as Phoenician only usedconsonantalletters. In turn, the ancestor of aleph may have been apictogramof an ox head inproto-Sinaitic script[5]influenced byEgyptian hieroglyphs, styled as a triangular head with two horns extended. When theancient Greeksadopted the alphabet, they had no use for a letter representing aglottal stop‚Äîso they adapted the sign to represent the vowel/a/, calling the letter by the similar namealpha. In the earliest Greek inscriptions dating to the 8th century¬†BC following theGreek Dark Ages, the letter rests upon its side. However, in the laterGreek alphabetit generally resembles the modern capital form‚Äîthough many local varieties can be distinguished by the shortening of one leg, or by the angle at which the cross line is set.[6] TheEtruscansbrought the Greek alphabet to theItalian Peninsula, and left the form of alpha unchanged. When the Romans adopted theEtruscan alphabetto writeLatin, the resulting form used in theLatin scriptwould come to be used to write many  other languages, including English. During Roman times, there were many",,0,2023-06-26,"From Wikipedia, the free encyclopedia; Authority control databasesNationalUnited StatesIsraelOtherYale LUX; SearchSearchA182 languagesAdd topic","**Brands Mentioned:**

None. The provided text is an excerpt from a Wikipedia article about the letter ""A,"" not about smart fans.


**Key Points:**

The text is a detailed history and description of the letter ""A"" in the Latin alphabet, covering its origins in Phoenician and Greek alphabets, its evolution through various scripts (e.g., Roman, cursive, Caroline), its different forms (majuscule, minuscule, italic), its pronunciation and usage across languages, and its Unicode encoding.


**Customer Sentiment:**

Not applicable.  No customer reviews or opinions are present.


**Common Praise:**

Not applicable.


**Common Complaints:**

Not applicable.


**Ratings Summary:**

No ratings are provided related to smart fans or the letter ""A"".  A date (2023-06-26) is present, but its relevance is unclear without additional context.


**Brand Comparison:**

Not applicable.",
A Definition & Meaning,https://www.merriam-webster.com/dictionary/a,1. a : the 1st letter of the English alphabet; b : a graphic representation of this letter; c : a speech counterpart of orthographic a; 2. the sixth tone of a ...,A,"In speech and writingais used before a consonant sound.adoorahumanBefore a vowel soundanis usualanicicleanhonorbut especially in speechais used occasionally, more often in some dialects than in others.aappleahouraobligationBefore a consonant sound represented by a vowel letterais usualaoneaunionbutanalso occurs though less frequently now than formerly.anuniquesuchanoneBefore unstressed or weakly stressed syllables with initialhbothaandanare used in writing.ahistoricanhistoricIn the King James Version of the Old Testament and occasionally in writing and speechanis used beforehin a stressed syllable.anhuntressanhundredchildren areanheritage of the Lord‚ÄîPsalms 127:3 (King James Version) In speech and writingais used before a consonant sound. Before a vowel soundanis usual but especially in speechais used occasionally, more often in some dialects than in others. Before a consonant sound represented by a vowel letterais usual butanalso occurs though less frequently now than formerly. Before unstressed or weakly stressed syllables with initialhbothaandanare used in writing. In the King James Version of the Old Testament and occasionally in writing and speechanis used beforehin a stressed syllable. Middle English, from Old EnglishƒÅnone  ‚Äî more atone Middle English, from Old Englisha-, an, on Middle English, by contraction Middle English, contraction ofhave Middle English, from Old English Latin & Greek; Latin, from Greek  ‚Äî more atun- perhaps from-a-in ring compounds such asthiazole(in which-a-is the initial ofazole) New Latin, from-a(as inmagnesia) before the 12th century, in the meaning defined atsense 1a before the 12th century, in the meaning defined atsense 1 before the 12th century, in the meaning defined atsense 2 15th century, in the meaning definedabove 14th century, in the meaning definedabove ‚ÄúA.‚ÄùMerriam-Webster.com Dictionary, Merriam-Webster, https://www.merriam-webster.com/dictionary/a. Accessed 20 Aug. 2025. Old Englisha-,an,on""on"" Old Englisha-""on, in, at"" ",,0,13,"…ô,for emphasis(Àà)ƒÅCanadianÀàa; for emphasis; (Àà)ƒÅ,also(Àà)a,or(Àà)√§; Games & QuizzesSee AllQuordleCan you solve 4 words at once?PlayBlossomPick the best words!PlayMissing LetterA daily crossword with a twistPlayTriple Play QuizFind the word that pairs with each of the three g...Take the quizSee All; a1 of 13noun; :the 1st letter of the English alphabet; :a graphic representation of this letter; :a speech counterpart oforthographica; :the sixth tone of a C-major scale; :a graphic device for reproducing the lettera; :one designatedaespecially as the first in order or class; :a grade rating a student's work as superior in quality; :one graded or rated with an A; :something shaped like the letter A; capitalized:the one of the four ABO blood groups characterized by the presence of antigens designated by the letter A and by the presence of antibodies against the antigens present in the B blood group","(Gemini summarization error: 429 You exceeded your current quota, please check your plan and billing details. For more information on this error, head to: https://ai.google.dev/gemini-api/docs/rate-limits. [violations {
  quota_metric: ""generativelanguage.googleapis.com/generate_content_free_tier_requests""
  quota_id: ""GenerateRequestsPerDayPerProjectPerModel-FreeTier""
  quota_dimensions {
    key: ""model""
    value: ""gemini-1.5-flash""
  }
  quota_dimensions {
    key: ""location""
    value: ""global""
  }
  quota_value: 50
}
, links {
  description: ""Learn more about Gemini API quotas""
  url: ""https://ai.google.dev/gemini-api/docs/rate-limits""
}
, retry_delay {
  seconds: 24
}
])",
"a - Wiktionary, the free dictionary",https://en.wiktionary.org/wiki/a,Some typefaces have a single-story form of a. This has a dedicated Unicode character ‚ü®…ë‚ü© for IPA use.,A,"Modification of capitalA. Abbreviation ofatto-, fromDanishatten(‚Äúeighteen‚Äù). FromLatinannumorannus. Abbreviation ofare, fromFrenchare. Abbreviation ofEnglishacceleration. (Thisetymologyis missing or incomplete. Please add to it, or discuss it at theEtymology scriptorium. Particularly: ‚Äúfrom annuity?‚Äù) Other representations of A: The letter name is fromMiddle EnglishƒÅ, fromOld French, ultimately fromLatinƒÅ. Use of the Latin letter in (Old) English displaced thefuthorcletter·ö™(a)beginning in the 7th century, and partially also·ö´(√¶). a(lowercase,uppercaseA,pluralasora's) a(lower case,upper caseA) a(plurala'sor(rare)aes) FromMiddle Englisha,an, fromOld EnglishƒÅn(‚Äúone; a; lone; sole‚Äù). More atone. The ""n"" was gradually lost before consonants in almost all dialects by the 15th century. Cognate withAlemannic Germana(‚Äúa, an‚Äù),East Franconiana(‚Äúa, an‚Äù). FromMiddle Englisha,hacontraction ofhave, orhaven. FromMiddle Englisha, a reduced form ofhe(‚Äúhe‚Äù)/ha(‚Äúhe‚Äù),heo(‚Äúshe‚Äù)/ha(‚Äúshe‚Äù),ha(‚Äúit‚Äù), andhie, hie(‚Äúthey‚Äù). FromMiddle Englishof, withapocopeof the finalfandvowel reduction. From NorthernMiddle Englishaw, alteration ofall. Contractionofgonna, itself a reduction ofgoing to; see Etymology 8 above (‚Äúto‚Äù). Borrowed fromRussian–∞(a). From the common method of counting semiquavers as ""one-e-and-a, two-e-and-a"" and so on. Additional quotations for any terms on this page may be found atCitations:a. SIL International (2020), ‚ÄúAbau Dictionary‚Äù, inWebonary.org‚Äé[11] SeeTemplate:aa-demonstrative determiners. a(upper caseA,lower casea) FromProto-Albanian*(h)an, fromProto-Indo-European*h‚ÇÇen(‚Äúthere‚Äù). Cognate withLatinan(‚Äúyes, perhaps‚Äù). Interrogative particle, usually used proclitically in simple sentences. a(lower case,upper caseA) afsg(masculineil,neuteru,masculine pluralus,feminine pluralas) a(lower case,upper caseA) a(definite accusativeanƒ±,pluralalar) a(lower case,upper caseA) Cognate withGermanein,eine,Yiddish◊ê÷∑(a),◊ê÷∑◊ü(an).",,0,,"aon Estonian¬†Wikipedia; SloveneWikipediahas an article on:aWikipediasl; From Wiktionary, the free dictionary; SearchSearcha112 languagesAdd topic","(Gemini summarization error: 429 You exceeded your current quota, please check your plan and billing details. For more information on this error, head to: https://ai.google.dev/gemini-api/docs/rate-limits. [violations {
  quota_metric: ""generativelanguage.googleapis.com/generate_content_free_tier_requests""
  quota_id: ""GenerateRequestsPerDayPerProjectPerModel-FreeTier""
  quota_dimensions {
    key: ""model""
    value: ""gemini-1.5-flash""
  }
  quota_dimensions {
    key: ""location""
    value: ""global""
  }
  quota_value: 50
}
, links {
  description: ""Learn more about Gemini API quotas""
  url: ""https://ai.google.dev/gemini-api/docs/rate-limits""
}
, retry_delay {
  seconds: 12
}
])",
A definition and meaning | Collins English Dictionary,https://www.collinsdictionary.com/dictionary/english/a,"Definition of 'A' ¬∑ 1. the first letter and first vowel of the modern English alphabet ¬∑ 2. any of several speech sounds represented by this letter, in English ...",A,,,0,,,"(Gemini summarization error: 429 You exceeded your current quota, please check your plan and billing details. For more information on this error, head to: https://ai.google.dev/gemini-api/docs/rate-limits. [violations {
  quota_metric: ""generativelanguage.googleapis.com/generate_content_free_tier_requests""
  quota_id: ""GenerateRequestsPerDayPerProjectPerModel-FreeTier""
  quota_dimensions {
    key: ""model""
    value: ""gemini-1.5-flash""
  }
  quota_dimensions {
    key: ""location""
    value: ""global""
  }
  quota_value: 50
}
, links {
  description: ""Learn more about Gemini API quotas""
  url: ""https://ai.google.dev/gemini-api/docs/rate-limits""
}
, retry_delay {
  seconds: 10
}
])",
"A | Letter, History, Meaning & Uses",https://www.britannica.com/topic/A-letter,"A, letter that has stood at the head of the alphabet during the whole of the period through which it can be traced historically.",A,"Our editors will review what you‚Äôve submitted and determine whether to revise the article. a,  letter that has stood at the head of thealphabetduring the whole of the period through which it can be traced historically. The name of the letter in thePhoenicianperiodresembledtheHebrewname aleph meaning ‚Äúox‚Äù; the form is thought to derive from an earlier symbol resembling the head of an ox. The letter was taken over by the Greeks in the form of alpha. In the Phoenician alphabet the letter stood for a species of breathing, asvowelswere not represented in theSemiticalphabets. Click Here to see full-size tableThe sound for which the letter consistently stood in Greek and Latin was the open low backvowel, sometimes known in modern English as continentala. There are of course countless slight variations in the method of pronouncing this sound. In English the sound has undergone far-reaching changes during and since theMiddle Englishperiod. These are due to fronting, that is to say, pronouncing the sound more toward the front of the mouth, or to rounding, slightly rounding the lips, which has the effect of causing the sound to be pronounced higher in the mouth. At the present time the letter represents six principal vowel sounds: (1) its original value, the low back vowel, as infather; (2) an intermediate vowel, as inplan; (3) a closer vowel, further fronted, as inhare, occurring only before the liquidr; (4) adiphthong(ei) intakeorspade. This is the sound that the letter now normally represents when the vowel is long. Sound 3 represents a stage in the development ofaon its way from 1 to 4 which was arrested at this point when the sound was followed byr. A similar fronting of this sound took place in the Ionic-Atticdialectsof Greek, where sounds derive from thea-sound and represented in other dialects byaare represented by Œ∑. The two remaining developments of the sound are due to rounding: (5) the vowel ofwaterand (6) the vowel ofwas. This development is due to the influence o",FeedbackCorrections? Updates? Omissions? Let us know if you have suggestions to improve this article (requires login).Feedback TypeSelect a type (Required)Factual CorrectionSpelling/Grammar CorrectionLink CorrectionAdditional InformationOtherYour FeedbackSubmit FeedbackThank you for your feedbackOur editors will review what you‚Äôve submitted and determine whether to revise the article.,1,,Ask the ChatbotGames & QuizzesHistory & SocietyScience & TechBiographiesAnimals & NatureGeography & TravelArts & CultureProConMoneyVideos; Ask the ChatbotGames & QuizzesHistory & SocietyScience & TechBiographiesAnimals & NatureGeography & TravelArts & CultureProConMoneyVideos; aTable of ContentsIntroductionReferences & Edit HistoryQuick Facts & Related TopicsImages; Table of ContentsIntroductionReferences & Edit HistoryQuick Facts & Related TopicsImages,"**Brands Mentioned:**

* None. The provided text is about the letter ""a"" in the alphabet, its phonetic evolution, and its different pronunciations in English and Greek.  It contains no mention of any smart fan brands.

**Key Points:**

* The etymology and historical development of the letter ""a"".
* The phonetic changes the letter ""a"" has undergone in English, including fronting and rounding.
* The six principal vowel sounds represented by ""a"" in modern English.
* Comparison of the letter ""a""'s pronunciation across different dialects of Greek.

**Customer Sentiment:**

* Not applicable.  The text is an informational article, not a product review.  The single review section relates to feedback on the article itself, not any product.

**Common Praise:**

* Not applicable.

**Common Complaints:**

* Not applicable.

**Ratings Summary:**

* No ratings are provided.

**Brand Comparison:**

* Not applicable.",
A or An? Articles in English Grammar #learnenglish | JForrest ...,https://www.facebook.com/JForrestEnglish/videos/a-or-an-articles-in-english-grammar-learnenglish/579453624844075/,do you need a or an with these words an hour an FM radio an update a utensil an idea a house an honest answer a hotel an elephant and F16 Jet.,A,,,0,,,"(Gemini summarization error: 429 You exceeded your current quota, please check your plan and billing details. For more information on this error, head to: https://ai.google.dev/gemini-api/docs/rate-limits. [violations {
  quota_metric: ""generativelanguage.googleapis.com/generate_content_free_tier_requests""
  quota_id: ""GenerateRequestsPerDayPerProjectPerModel-FreeTier""
  quota_dimensions {
    key: ""model""
    value: ""gemini-1.5-flash""
  }
  quota_dimensions {
    key: ""location""
    value: ""global""
  }
  quota_value: 50
}
, links {
  description: ""Learn more about Gemini API quotas""
  url: ""https://ai.google.dev/gemini-api/docs/rate-limits""
}
, retry_delay {
  seconds: 3
}
])",
"A, a | English meaning - Cambridge Dictionary",https://dictionary.cambridge.org/dictionary/english/a,"A, a definition: 1. the first letter of the English alphabet 2. a note in Western music: 3. a mark in an exam or‚Ä¶. Learn more.",A,"Your browser doesn't support HTML5 audio Your browser doesn't support HTML5 audio Your browser doesn't support HTML5 audio Your browser doesn't support HTML5 audio You can also find related words, phrases, and synonyms in the topics: Your browser doesn't support HTML5 audio Your browser doesn't support HTML5 audio Get a quick, free translation!",,0,,,"(Gemini summarization error: 429 You exceeded your current quota, please check your plan and billing details. For more information on this error, head to: https://ai.google.dev/gemini-api/docs/rate-limits. [violations {
  quota_metric: ""generativelanguage.googleapis.com/generate_content_free_tier_requests""
  quota_id: ""GenerateRequestsPerDayPerProjectPerModel-FreeTier""
  quota_dimensions {
    key: ""model""
    value: ""gemini-1.5-flash""
  }
  quota_dimensions {
    key: ""location""
    value: ""global""
  }
  quota_value: 50
}
, links {
  description: ""Learn more about Gemini API quotas""
  url: ""https://ai.google.dev/gemini-api/docs/rate-limits""
}
, retry_delay {
}
])",
T-Series,https://www.youtube.com/channel/UCq-Fj5jknLsUf-MWSy4_brA,"""Music can change the world"". T-Series is India's largest Music Label & Movie Studio, believes in bringing world close together through its music. ...more",t,,,0,,,"(Gemini summarization error: 429 You exceeded your current quota, please check your plan and billing details. For more information on this error, head to: https://ai.google.dev/gemini-api/docs/rate-limits. [violations {
  quota_metric: ""generativelanguage.googleapis.com/generate_content_free_tier_requests""
  quota_id: ""GenerateRequestsPerDayPerProjectPerModel-FreeTier""
  quota_dimensions {
    key: ""model""
    value: ""gemini-1.5-flash""
  }
  quota_dimensions {
    key: ""location""
    value: ""global""
  }
  quota_value: 50
}
, links {
  description: ""Learn more about Gemini API quotas""
  url: ""https://ai.google.dev/gemini-api/docs/rate-limits""
}
, retry_delay {
  seconds: 57
}
])",
T-Series,https://www.youtube.com/user/tseries,"Share your videos with friends, family, and the world.",t,,,0,,,"(Gemini summarization error: 429 You exceeded your current quota, please check your plan and billing details. For more information on this error, head to: https://ai.google.dev/gemini-api/docs/rate-limits. [violations {
  quota_metric: ""generativelanguage.googleapis.com/generate_content_free_tier_requests""
  quota_id: ""GenerateRequestsPerDayPerProjectPerModel-FreeTier""
  quota_dimensions {
    key: ""model""
    value: ""gemini-1.5-flash""
  }
  quota_dimensions {
    key: ""location""
    value: ""global""
  }
  quota_value: 50
}
, links {
  description: ""Learn more about Gemini API quotas""
  url: ""https://ai.google.dev/gemini-api/docs/rate-limits""
}
, retry_delay {
  seconds: 54
}
])",
T-Series,https://www.facebook.com/tseriesmusic/,T-Series. 12906421 likes ¬∑ 366380 talking about this. Delivering Unlimited Dose of Music! Dedicated to entertain all music lovers around the globe....,t,,,0,,,"(Gemini summarization error: 429 You exceeded your current quota, please check your plan and billing details. For more information on this error, head to: https://ai.google.dev/gemini-api/docs/rate-limits. [violations {
  quota_metric: ""generativelanguage.googleapis.com/generate_content_free_tier_requests""
  quota_id: ""GenerateRequestsPerDayPerProjectPerModel-FreeTier""
  quota_dimensions {
    key: ""model""
    value: ""gemini-1.5-flash""
  }
  quota_dimensions {
    key: ""location""
    value: ""global""
  }
  quota_value: 50
}
, links {
  description: ""Learn more about Gemini API quotas""
  url: ""https://ai.google.dev/gemini-api/docs/rate-limits""
}
, retry_delay {
  seconds: 52
}
])",
T-Series (@tseries.official),https://www.instagram.com/tseries.official/?hl=en,8M followers ¬∑ 99 following ¬∑ 42965 posts ¬∑ @tseries.official: ‚ÄúConnecting the world through music!!‚Äù,t,,,0,,,"(Gemini summarization error: 429 You exceeded your current quota, please check your plan and billing details. For more information on this error, head to: https://ai.google.dev/gemini-api/docs/rate-limits. [violations {
  quota_metric: ""generativelanguage.googleapis.com/generate_content_free_tier_requests""
  quota_id: ""GenerateRequestsPerDayPerProjectPerModel-FreeTier""
  quota_dimensions {
    key: ""model""
    value: ""gemini-1.5-flash""
  }
  quota_dimensions {
    key: ""location""
    value: ""global""
  }
  quota_value: 50
}
, links {
  description: ""Learn more about Gemini API quotas""
  url: ""https://ai.google.dev/gemini-api/docs/rate-limits""
}
, retry_delay {
  seconds: 48
}
])",
T,https://en.wikipedia.org/wiki/T,"T, or t, is the twentieth letter of the Latin alphabet, used in the modern English alphabet, the alphabets of other western European languages and others ...",t,"T, ort, is the twentiethletterof theLatin alphabet, used in themodern English alphabet, the alphabets of other western European languages and others worldwide. Its name in English istee(pronounced/ÀàtiÀê/‚ìò), pluraltees.[1] It is derived from the SemiticTawê§ï of thePhoenicianandPaleo-Hebrewscript (AramaicandHebrewTaw ◊™/ê°ï/,SyriacTaw ‹¨, andArabicÿ™TƒÅ º) via the Greek letterœÑ(tau). In English, it is most commonly used to represent thevoiceless alveolar plosive, a sound it also denotes in theInternational Phonetic Alphabet. It is the most commonly usedconsonantand the second-most commonly used letter in English-language texts.[2] Tawwas the last letter of the WesternSemiticandHebrew alphabets. The sound value of SemiticTaw, theGreek alphabetTŒ±œÖ (Tau),Old Italicand Latin T has remained fairly constant, representing[t]in each of these, and it has also kept its original basic shape in most of these alphabets. In English,‚ü®t‚ü©usually denotes thevoiceless alveolar plosive(International Phonetic AlphabetandX-SAMPA:/t/), as intart,tee, orties, often withaspirationat the beginnings of words or beforestressedvowels. The letter‚ü®t‚ü©corresponds to the affricate/tÕ° É/in some words as a result ofyod-coalescence(for example, in words ending in -""ture"", such asfuture). A commondigraphis‚ü®th‚ü©, which usually represents adental fricative, but occasionally represents/t/(as inThomasandthyme). The digraph‚ü®ti‚ü©often corresponds to the sound/ É/(avoiceless palato-alveolar sibilant) word-medially when followed by a vowel, as innation,ratio,negotiation, andCroatia. In a few words of modern French origin, the letter T is silent at the end of a word; these includecroquetanddebut. In theorthographiesof other languages,‚ü®t‚ü©is often used for/t/, thevoiceless dental plosive/tÃ™/, or similar sounds. In theInternational Phonetic Alphabet, ‚ü®t‚ü© denotes thevoiceless alveolar plosive.",,0,,"From Wikipedia, the free encyclopedia; This article contains uncommonUnicodecharacters.Without properrendering support, you may seequestion marks, boxes, or other symbolsinstead of the intended characters.; Authority control databasesNationalUnited StatesIsraelOtherYale LUX; SearchSearchT143 languagesAdd topic","(Gemini summarization error: 429 You exceeded your current quota, please check your plan and billing details. For more information on this error, head to: https://ai.google.dev/gemini-api/docs/rate-limits. [violations {
  quota_metric: ""generativelanguage.googleapis.com/generate_content_free_tier_requests""
  quota_id: ""GenerateRequestsPerDayPerProjectPerModel-FreeTier""
  quota_dimensions {
    key: ""model""
    value: ""gemini-1.5-flash""
  }
  quota_dimensions {
    key: ""location""
    value: ""global""
  }
  quota_value: 50
}
, links {
  description: ""Learn more about Gemini API quotas""
  url: ""https://ai.google.dev/gemini-api/docs/rate-limits""
}
, retry_delay {
  seconds: 45
}
])",
ITU Telecommunication Standardization Sector,https://www.itu.int/en/ITU-T/Pages/default.aspx,The ITU platform helps cities and communities to accelerate digital transformation for sustainable development.,t,Page Content 3‚ÄãCatch up on the action at the AI for Good Global Summit 2025.More.‚Äã‚Äã‚Äã‚Äã,,0,,"Save language (?)Disclaimer & Feedback; AI for GoodPage Content 3‚ÄãCatch up on the action at the AI for Good Global Summit 2025.More.‚Äã‚Äã‚Äã‚Äã; Cannot retrieve the URL specified in the Content Link property. For more assistance, contact your site administrator.Cannot retrieve the URL specified in the Content Link property. For more assistance, contact your site administrator.; Page Content 18; Page Content 18; Page Content 19; Page Content 19; Page Content 15; Page Content 15; Page Content 14; Page Content 14","(Gemini summarization error: 429 You exceeded your current quota, please check your plan and billing details. For more information on this error, head to: https://ai.google.dev/gemini-api/docs/rate-limits. [violations {
  quota_metric: ""generativelanguage.googleapis.com/generate_content_free_tier_requests""
  quota_id: ""GenerateRequestsPerDayPerProjectPerModel-FreeTier""
  quota_dimensions {
    key: ""model""
    value: ""gemini-1.5-flash""
  }
  quota_dimensions {
    key: ""location""
    value: ""global""
  }
  quota_value: 50
}
, links {
  description: ""Learn more about Gemini API quotas""
  url: ""https://ai.google.dev/gemini-api/docs/rate-limits""
}
, retry_delay {
  seconds: 42
}
])",
I Got T-Series To Subscribe To Me,https://www.youtube.com/shorts/zvBXpoBegwE,I'm with the chairman and CEO of T-Series and I flew all the way here to India to make you a proposition if you subscribe to me I will subscribe to t- Ser.,t,,,0,,,"(Gemini summarization error: 429 You exceeded your current quota, please check your plan and billing details. For more information on this error, head to: https://ai.google.dev/gemini-api/docs/rate-limits. [violations {
  quota_metric: ""generativelanguage.googleapis.com/generate_content_free_tier_requests""
  quota_id: ""GenerateRequestsPerDayPerProjectPerModel-FreeTier""
  quota_dimensions {
    key: ""model""
    value: ""gemini-1.5-flash""
  }
  quota_dimensions {
    key: ""location""
    value: ""global""
  }
  quota_value: 50
}
, links {
  description: ""Learn more about Gemini API quotas""
  url: ""https://ai.google.dev/gemini-api/docs/rate-limits""
}
, retry_delay {
  seconds: 38
}
])",
T-Series (company),https://en.wikipedia.org/wiki/T-Series_(company),"T-Series is the largest music record label in India, with up to a 35% share of the Indian music market.",t,"Super Cassettes Industries Private Limited,[a][1][4]doing business asT-Series,[b]is an Indianrecord labelandfilm studiofounded byGulshan Kumaron 11 July 1983.[6]It is primarily known forHindi filmsoundtracks[6]andIndi-popmusic.[7]T-Series is the largest music record label in India, with up to a 35% share of theIndian music market.[8]As of July 2025, T-Series also owns and operates themost-viewedand thesecond most-subscribed YouTube channel, with over 300 million subscribers[9]and 306 billion views.[10]While best known as a music label, T-Series hasalso produced more than 100 films, and has established itself as a leading film production company inHindi cinema. Kumar, initially a fruit juice seller inDelhi, founded T-Series to sellpiratedHindi songs before the company eventually began producing new music. Their breakthrough came with the soundtrack for the 1988BollywoodblockbusterQayamat Se Qayamat Tak, composed byAnand‚ÄìMilind, written byMajrooh Sultanpuri, and starringAamir KhanandJuhi Chawla, which became one of the best-selling Indian music albums of the 1980s, with over 8million sales. They eventually became a leading music label with the release ofAashiqui(1990), composed byNadeem‚ÄìShravan, which sold 20million copies and became the best-selling Indiansoundtrack albumof all time.[11]However, Gulshan Kumar was murdered by theMumbai mafiasyndicateD-Companyon 12 August 1997. Since then, T-Series has been led by his sonBhushan Kumarand younger brotherKrishan Kumar. On YouTube, T-Series has amulti-channel network, with 43 channels (includingLahari Music) that have over 591.35 million subscribers as of 03 April 2025. The company's YouTube team consists of 13people at the T-Series headquarters.[12]The company's main T-Series channel on YouTube primarily shows music videos as well as film trailers. It became the most-viewed YouTube channel in January 2017.[13]T-Series's channel was alsothe most-subscribed channelon YouTube from 14 April 2019 to 2 June 2024, until it was ","T-Series was a profoundly disruptive force in theIndian music market, in large part because it was a tremendously successful pirate. The company built its catalog through a variety of quasi-legal and illegal practices ... [T-Series] engaged in more straightforward copyright infringement in the form of pirate releases of popular hits, and it often illegally obtained film scores before the release of the film to ensure that its recordings were the first to hit the market.[20]",1,1983-07-11,"From Wikipedia, the free encyclopedia; Authority control databasesInternationalISNIVIAFOtherMusicBrainz label; SearchSearchT-Series (company)39 languagesAdd topic; T-Series (company); T-Series (company)","(Gemini summarization error: 429 You exceeded your current quota, please check your plan and billing details. For more information on this error, head to: https://ai.google.dev/gemini-api/docs/rate-limits. [violations {
  quota_metric: ""generativelanguage.googleapis.com/generate_content_free_tier_requests""
  quota_id: ""GenerateRequestsPerDayPerProjectPerModel-FreeTier""
  quota_dimensions {
    key: ""model""
    value: ""gemini-1.5-flash""
  }
  quota_dimensions {
    key: ""location""
    value: ""global""
  }
  quota_value: 50
}
, links {
  description: ""Learn more about Gemini API quotas""
  url: ""https://ai.google.dev/gemini-api/docs/rate-limits""
}
, retry_delay {
  seconds: 31
}
])",
